{
  "project_info": {
    "project_number": "197349035550",
    "firebase_url": "https://showit-82a31.firebaseio.com",
    "project_id": "showit-82a31",
    "storage_bucket": "showit-82a31.appspot.com"
  },
  "client": [
    {
      "client_info": {
        "mobilesdk_app_id": "1:197349035550:android:89d99162043bcce7",
        "android_client_info": {
          "package_name": "classify.spam.dexter.firebaseshowdata"
        }
      },
      "oauth_client": [
        {
          "client_id": "197349035550-atj2iaitqar7rd8kvg934f0rbm1o2nra.apps.googleusercontent.com",
          "client_type": 3
        }
      ],
      "api_key": [
        {
          "current_key": "AIzaSyD-Qpt39bXf7BwAvvu7_VK0cfFqnPqJ4w8"
        }
      ],
      "services": {
        "analytics_service": {
          "status": 1
        },
        "appinvite_service": {
          "status": 1,
          "other_platform_oauth_client": []
        },
        "ads_service": {
          "status": 2
        }
      }
    },
    {
      "client_info": {
        "mobilesdk_app_id": "1:197349035550:android:b65f53846a7c9fb2",
        "android_client_info": {
          "package_name": "classify.spam.dexter.firebase_auth_spam_detect"
        }
      },
      "oauth_client": [
        {
          "client_id": "197349035550-5pm6rq4kdsr9qpu39dm3bq3t7u7gp4pg.apps.googleusercontent.com",
          "client_type": 1,
          "android_info": {
            "package_name": "classify.spam.dexter.firebase_auth_spam_detect",
            "certificate_hash": "1bb5f64507c8739d20c014c9e2cb4f703d3c01a3"
          }
        },
        {
          "client_id": "197349035550-atj2iaitqar7rd8kvg934f0rbm1o2nra.apps.googleusercontent.com",
          "client_type": 3
        }
      ],
      "api_key": [
        {
          "current_key": "AIzaSyD-Qpt39bXf7BwAvvu7_VK0cfFqnPqJ4w8"
        }
      ],
      "services": {
        "analytics_service": {
          "status": 1
        },
        "appinvite_service": {
          "status": 2,
          "other_platform_oauth_client": [
            {
              "client_id": "197349035550-atj2iaitqar7rd8kvg934f0rbm1o2nra.apps.googleusercontent.com",
              "client_type": 3
            }
          ]
        },
        "ads_service": {
          "status": 2
        }
      }
    }
  ],
  "configuration_version": "1"
}